{
  "occlusions": {
    "0.20": {
      "dinov2": {
        "n": 400,
        "mean": 0.9622597694396973,
        "median": 0.9649367332458496,
        "p5": 0.9457200169563293,
        "p95": 0.972668468952179,
        "min": 0.9124544262886047,
        "max": 0.9760278463363647
      },
      "our_cnn": {
        "n": 400,
        "mean": 0.49708420038223267,
        "median": 0.5150184631347656,
        "p5": 0.18635141849517822,
        "p95": 0.7642067670822144,
        "min": 0.044670961797237396,
        "max": 0.8766347169876099
      }
    },
    "0.40": {
      "dinov2": {
        "n": 400,
        "mean": 0.9391836524009705,
        "median": 0.941371738910675,
        "p5": 0.9155109524726868,
        "p95": 0.9569973349571228,
        "min": 0.8908389806747437,
        "max": 0.964131772518158
      },
      "our_cnn": {
        "n": 400,
        "mean": 0.20840004086494446,
        "median": 0.19980983436107635,
        "p5": -0.13754989206790924,
        "p95": 0.5648010969161987,
        "min": -0.2428658902645111,
        "max": 0.6861193180084229
      }
    },
    "0.60": {
      "dinov2": {
        "n": 400,
        "mean": 0.8792555928230286,
        "median": 0.8797760009765625,
        "p5": 0.8455045223236084,
        "p95": 0.911973774433136,
        "min": 0.826419472694397,
        "max": 0.9318033456802368
      },
      "our_cnn": {
        "n": 400,
        "mean": 0.1344369649887085,
        "median": 0.13118281960487366,
        "p5": -0.22465693950653076,
        "p95": 0.49544039368629456,
        "min": -0.3255206346511841,
        "max": 0.6101346015930176
      }
    }
  }
}