{
  "checkpoint": "checkpoints/jepa_pong_statehead_frozen.pt",
  "episodes": 20,
  "steps_per_ep": 100,
  "frameskip": 5,
  "seed": 2349867,
  "indist": {
    "ball_x": {
      "n": 1996,
      "mean": 0.05796595932710505,
      "median": 0.04157402366399765,
      "p95": 0.1695641726255417,
      "p99": 0.28698778748512266,
      "max": 0.4508768916130066
    },
    "ball_y": {
      "n": 1996,
      "mean": 0.0397342903369698,
      "median": 0.028250429779291153,
      "p95": 0.11490954458713531,
      "p99": 0.20978491604328145,
      "max": 0.4702281951904297
    },
    "ball_vx": {
      "n": 1996,
      "mean": 0.7607143903692404,
      "median": 0.740883469581604,
      "p95": 1.1201511323451996,
      "p99": 1.3474246501922607,
      "max": 1.6053571701049805
    },
    "ball_vy": {
      "n": 1996,
      "mean": 0.24221566746306264,
      "median": 0.193695530295372,
      "p95": 0.6029831767082214,
      "p99": 0.9860144019126891,
      "max": 1.9381077289581299
    },
    "pad_l": {
      "n": 1996,
      "mean": 0.08017111265796698,
      "median": 0.06649482250213623,
      "p95": 0.1921061873435974,
      "p99": 0.2655134245753288,
      "max": 0.4578026831150055
    },
    "pad_r": {
      "n": 1996,
      "mean": 0.08016758489764048,
      "median": 0.0650968998670578,
      "p95": 0.1932949163019657,
      "p99": 0.2646462619304657,
      "max": 0.43495795130729675
    }
  },
  "ood": {
    "ball_x": {
      "n": 1996,
      "mean": 0.14936065387339117,
      "median": 0.12544964253902435,
      "p95": 0.35989226400852203,
      "p99": 0.42409328073263164,
      "max": 0.5698560476303101
    },
    "ball_y": {
      "n": 1996,
      "mean": 0.09111466464439112,
      "median": 0.06343498826026917,
      "p95": 0.2804674208164215,
      "p99": 0.406933063268661,
      "max": 0.48607710003852844
    },
    "ball_vx": {
      "n": 1996,
      "mean": 0.7587549977138908,
      "median": 0.7383238673210144,
      "p95": 1.3143524527549744,
      "p99": 1.4665790200233457,
      "max": 1.637645959854126
    },
    "ball_vy": {
      "n": 1996,
      "mean": 0.2027080330547675,
      "median": 0.17321722209453583,
      "p95": 0.49310165643692017,
      "p99": 0.8298372119665142,
      "max": 1.1884477138519287
    },
    "pad_l": {
      "n": 1996,
      "mean": 0.20712853017037283,
      "median": 0.19159860908985138,
      "p95": 0.41837915033102036,
      "p99": 0.5466400057077407,
      "max": 0.6703903675079346
    },
    "pad_r": {
      "n": 1996,
      "mean": 0.20729013194212456,
      "median": 0.19262182712554932,
      "p95": 0.42914924770593643,
      "p99": 0.554785257577896,
      "max": 0.689559817314148
    }
  },
  "ood_drops_pct": {
    "ball_x": 201.75006285874963,
    "ball_y": 124.5452149077388,
    "ball_vx": -0.34547973678439314,
    "ball_vy": -10.572421660741583,
    "pad_l": 188.14064295561664,
    "pad_r": 195.90015426068751
  },
  "methodology": "In-distribution = AI-tracked paddles + uniform(0, 0.15) noise (matches training distribution). OOD = uniform random paddle actions. Same renderer (PongWorld.render(128)). State head: frozen backbone + Linear(192, 10) trained on AI-tracked data only."
}