{
  "checkpoints": [
    "checkpoints/jepa_pong_statehead_frozen.pt",
    "checkpoints/jepa_pong_statehead_occ_aug.pt"
  ],
  "occlusions": [
    0.0,
    0.2,
    0.4,
    0.6
  ],
  "episodes": 20,
  "steps": 100,
  "matrix": {
    "jepa_pong_statehead_frozen": {
      "occ_0.0": {
        "ball_x": {
          "n": 1996,
          "median": 0.04157402366399765,
          "p95": 0.1695641726255417,
          "p99": 0.28698778748512266
        },
        "ball_y": {
          "n": 1996,
          "median": 0.028250429779291153,
          "p95": 0.11490954458713531,
          "p99": 0.20978491604328145
        },
        "pad_l": {
          "n": 1996,
          "median": 0.06649482250213623,
          "p95": 0.1921061873435974,
          "p99": 0.2655134245753288
        },
        "pad_r": {
          "n": 1996,
          "median": 0.0650968998670578,
          "p95": 0.1932949163019657,
          "p99": 0.2646462619304657
        }
      },
      "occ_0.2": {
        "ball_x": {
          "n": 1996,
          "median": 0.16593477129936218,
          "p95": 0.3621115908026695,
          "p99": 0.4580297186970709
        },
        "ball_y": {
          "n": 1996,
          "median": 0.15428563952445984,
          "p95": 0.3520634174346924,
          "p99": 0.43383274227380747
        },
        "pad_l": {
          "n": 1996,
          "median": 0.1374012529850006,
          "p95": 0.3057059869170189,
          "p99": 0.3525733217597003
        },
        "pad_r": {
          "n": 1996,
          "median": 0.13924287259578705,
          "p95": 0.312354251742363,
          "p99": 0.3640946760773659
        }
      },
      "occ_0.4": {
        "ball_x": {
          "n": 1996,
          "median": 0.2839926779270172,
          "p95": 0.4907010719180107,
          "p99": 0.5707388460636137
        },
        "ball_y": {
          "n": 1996,
          "median": 0.18057818710803986,
          "p95": 0.4172652140259743,
          "p99": 0.48128086030483236
        },
        "pad_l": {
          "n": 1996,
          "median": 0.15952768921852112,
          "p95": 0.3450385183095932,
          "p99": 0.3961293339729309
        },
        "pad_r": {
          "n": 1996,
          "median": 0.1611974835395813,
          "p95": 0.34829210489988327,
          "p99": 0.39525291323661804
        }
      },
      "occ_0.6": {
        "ball_x": {
          "n": 1996,
          "median": 0.21693342924118042,
          "p95": 0.4298868998885155,
          "p99": 0.4755112081766128
        },
        "ball_y": {
          "n": 1996,
          "median": 0.20235185325145721,
          "p95": 0.46280941367149353,
          "p99": 0.5097035586833953
        },
        "pad_l": {
          "n": 1996,
          "median": 0.1821788027882576,
          "p95": 0.37117183208465576,
          "p99": 0.3931684553623198
        },
        "pad_r": {
          "n": 1996,
          "median": 0.1826133280992508,
          "p95": 0.36690837144851685,
          "p99": 0.3841877907514572
        }
      }
    },
    "jepa_pong_statehead_occ_aug": {
      "occ_0.0": {
        "ball_x": {
          "n": 1996,
          "median": 0.06549352407455444,
          "p95": 0.2591961771249771,
          "p99": 0.37171764969825744
        },
        "ball_y": {
          "n": 1996,
          "median": 0.053612783551216125,
          "p95": 0.18813370913267136,
          "p99": 0.2930488556623458
        },
        "pad_l": {
          "n": 1996,
          "median": 0.0766276866197586,
          "p95": 0.23279283195734024,
          "p99": 0.3185348019003866
        },
        "pad_r": {
          "n": 1996,
          "median": 0.0779431015253067,
          "p95": 0.22617780044674873,
          "p99": 0.29758124351501436
        }
      },
      "occ_0.2": {
        "ball_x": {
          "n": 1996,
          "median": 0.10830190777778625,
          "p95": 0.3531026542186737,
          "p99": 0.4564361006021498
        },
        "ball_y": {
          "n": 1996,
          "median": 0.11410017311573029,
          "p95": 0.3088601380586624,
          "p99": 0.3709485739469528
        },
        "pad_l": {
          "n": 1996,
          "median": 0.12167949229478836,
          "p95": 0.29820892214775085,
          "p99": 0.3484414756298065
        },
        "pad_r": {
          "n": 1996,
          "median": 0.11977097392082214,
          "p95": 0.3005691468715668,
          "p99": 0.36447718888521186
        }
      },
      "occ_0.4": {
        "ball_x": {
          "n": 1996,
          "median": 0.11884784698486328,
          "p95": 0.28690391778945923,
          "p99": 0.3943947628140448
        },
        "ball_y": {
          "n": 1996,
          "median": 0.13494426757097244,
          "p95": 0.3659432977437973,
          "p99": 0.4514584645628929
        },
        "pad_l": {
          "n": 1996,
          "median": 0.13673336803913116,
          "p95": 0.3512622341513634,
          "p99": 0.39154508113861075
        },
        "pad_r": {
          "n": 1996,
          "median": 0.13447995483875275,
          "p95": 0.34949618577957153,
          "p99": 0.3952469855546951
        }
      },
      "occ_0.6": {
        "ball_x": {
          "n": 1996,
          "median": 0.1349843591451645,
          "p95": 0.383750282227993,
          "p99": 0.4455133631825447
        },
        "ball_y": {
          "n": 1996,
          "median": 0.16722281277179718,
          "p95": 0.4081045091152191,
          "p99": 0.4739480897784231
        },
        "pad_l": {
          "n": 1996,
          "median": 0.1670309454202652,
          "p95": 0.3708123117685318,
          "p99": 0.3922501891851425
        },
        "pad_r": {
          "n": 1996,
          "median": 0.17047527432441711,
          "p95": 0.3652071952819824,
          "p99": 0.39485780298709866
        }
      }
    }
  }
}