{
  "checkpoint": "checkpoints/jepa_pong_statehead_occ_aug.pt",
  "episodes": 20,
  "steps_per_ep": 100,
  "frameskip": 5,
  "seed": 2349867,
  "indist": {
    "ball_x": {
      "n": 1996,
      "mean": 0.08655737401387525,
      "median": 0.06549352407455444,
      "p95": 0.2591961771249771,
      "p99": 0.37171764969825744,
      "max": 0.5514869093894958
    },
    "ball_y": {
      "n": 1996,
      "mean": 0.06998560991873573,
      "median": 0.053612783551216125,
      "p95": 0.18813370913267136,
      "p99": 0.2930488556623458,
      "max": 0.5430797338485718
    },
    "ball_vx": {
      "n": 1996,
      "mean": 0.7994984110933029,
      "median": 0.8022901713848114,
      "p95": 1.1403107941150665,
      "p99": 1.2963028669357297,
      "max": 1.4522888660430908
    },
    "ball_vy": {
      "n": 1996,
      "mean": 0.26854207376573414,
      "median": 0.20573680847883224,
      "p95": 0.7087021619081497,
      "p99": 1.0128625988960265,
      "max": 1.713685154914856
    },
    "pad_l": {
      "n": 1996,
      "mean": 0.0905105305540717,
      "median": 0.0766276866197586,
      "p95": 0.23279283195734024,
      "p99": 0.3185348019003866,
      "max": 0.44429853558540344
    },
    "pad_r": {
      "n": 1996,
      "mean": 0.09087254631450635,
      "median": 0.0779431015253067,
      "p95": 0.22617780044674873,
      "p99": 0.29758124351501436,
      "max": 0.5134114027023315
    }
  },
  "ood": {
    "ball_x": {
      "n": 1996,
      "mean": 0.2022032267777977,
      "median": 0.16367390751838684,
      "p95": 0.5306934416294098,
      "p99": 0.6389505714178083,
      "max": 0.7195791602134705
    },
    "ball_y": {
      "n": 1996,
      "mean": 0.09130739158239656,
      "median": 0.056846171617507935,
      "p95": 0.2970057427883148,
      "p99": 0.5081483930349346,
      "max": 0.5974524617195129
    },
    "ball_vx": {
      "n": 1996,
      "mean": 0.7632721140084859,
      "median": 0.761081725358963,
      "p95": 1.0494166612625122,
      "p99": 1.1680489540100094,
      "max": 1.2887158393859863
    },
    "ball_vy": {
      "n": 1996,
      "mean": 0.17759892795065077,
      "median": 0.14804398268461227,
      "p95": 0.4179907441139221,
      "p99": 0.5694233298301695,
      "max": 0.8175671100616455
    },
    "pad_l": {
      "n": 1996,
      "mean": 0.2099701863207774,
      "median": 0.18629999458789825,
      "p95": 0.4698161110281944,
      "p99": 0.6213290452957153,
      "max": 0.7330358028411865
    },
    "pad_r": {
      "n": 1996,
      "mean": 0.21552560373931706,
      "median": 0.19613151252269745,
      "p95": 0.4847234636545181,
      "p99": 0.5831115067005157,
      "max": 0.7677764892578125
    }
  },
  "ood_drops_pct": {
    "ball_x": 149.90853650212642,
    "ball_y": 6.031002033690269,
    "ball_vx": -5.1363518457068436,
    "ball_vy": -28.042053447210858,
    "pad_l": 143.12360558704432,
    "pad_r": 151.6342160941814
  },
  "methodology": "In-distribution = AI-tracked paddles + uniform(0, 0.15) noise (matches training distribution). OOD = uniform random paddle actions. Same renderer (PongWorld.render(128)). State head: frozen backbone + Linear(192, 10) trained on AI-tracked data only."
}